<?xml version="1.0" encoding="UTF-8" standalone="no"?>
<Trainers>
<Trainer id="1">
<Vorname>va</Vorname>
<Nachname>marvin11111111111</Nachname>
<Alter>11</Alter>
<Erfahrung>33</Erfahrung>
</Trainer>
<Trainer id="2">
<Vorname>va1</Vorname>
<Nachname>mar</Nachname>
<Alter>113</Alter>
<Erfahrung>334</Erfahrung>
</Trainer>
<Trainer id="1">
<Vorname>va</Vorname>
<Nachname>marvin11111111111</Nachname>
<Alter>11</Alter>
<Erfahrung>33</Erfahrung>
</Trainer>
<Trainer id="1">
<Vorname>va</Vorname>
<Nachname>marvin11111111111</Nachname>
<Alter>11</Alter>
<Erfahrung>33</Erfahrung>
</Trainer>
</Trainers>
